USE blogmanagement;

-- Insert values into UserName table
INSERT INTO UserName (FirstName, MiddleName, LastName) VALUES
('John', 'A', 'Doe'),
('Jane', 'B', 'Smith'),
('Emily', 'C', 'Johnson'),
('Michael', 'D', 'Williams'),
('Sarah', 'E', 'Brown'),
('David', 'F', 'Jones'),
('Laura', 'G', 'Garcia'),
('Robert', 'H', 'Martinez'),
('Anna', 'I', 'Hernandez'),
('James', 'J', 'Young'),
('Olivia', 'K', 'Lee'),
('William', 'L', 'Walker'),
('Sophia', 'M', 'Allen'),
('Daniel', 'N', 'King'),
('Mia', 'O', 'Wright'),
('Matthew', 'P', 'Scott'),
('Isabella', 'Q', 'Adams'),
('Alexander', 'R', 'Baker'),
('Charlotte', 'S', 'Nelson'),
('Ethan', 'T', 'Hill');

-- Insert values into UserAddress table
INSERT INTO UserAddress (HNo, Country, Colony, State) VALUES
('123', 'USA', 'Maple Street', 'California'),
('456', 'USA', 'Oak Avenue', 'Texas'),
('789', 'USA', 'Pine Road', 'New York'),
('101', 'USA', 'Cedar Lane', 'Florida'),
('202', 'USA', 'Birch Blvd', 'Illinois'),
('303', 'USA', 'Elm St', 'Georgia'),
('404', 'USA', 'Willow Way', 'Ohio'),
('505', 'USA', 'Ash Drive', 'Michigan'),
('606', 'USA', 'Hickory Ct', 'Arizona'),
('707', 'USA', 'Cherry Ln', 'Nevada'),
('808', 'USA', 'Walnut Rd', 'Oregon'),
('909', 'USA', 'Spruce Dr', 'Washington'),
('010', 'USA', 'Poplar Ave', 'Colorado'),
('111', 'USA', 'Chestnut Cir', 'Indiana'),
('222', 'USA', 'Redwood Pkwy', 'Minnesota'),
('333', 'USA', 'Sycamore St', 'Wisconsin'),
('444', 'USA', 'Juniper Blvd', 'North Carolina'),
('555', 'USA', 'Holly Dr', 'Tennessee'),
('666', 'USA', 'Fir Ave', 'Alabama'),
('777', 'USA', 'Cottonwood St', 'Missouri'),
('888', 'USA', 'Locust Ln', 'Kentucky');

-- Insert values into User_ table
INSERT INTO User_ (MobileNumber, DOB, EmailID, Password, Username, NameID, AddressID) VALUES
('555-1234', '1985-02-20', 'john.doe@example.com', 'password123', 'johndoe', 1, 1),
('555-5678', '1990-06-15', 'jane.smith@example.com', 'password123', 'janesmith', 2, 2),
('555-9876', '1988-08-10', 'emily.johnson@example.com', 'password123', 'emilyjohnson', 3, 3),
('555-6543', '1992-12-25', 'michael.williams@example.com', 'password123', 'michaelwilliams', 4, 4),
('555-4321', '1987-05-22', 'sarah.brown@example.com', 'password123', 'sarahbrown', 5, 5),
('555-6789', '1991-07-18', 'david.jones@example.com', 'password123', 'davidjones', 6, 6),
('555-3456', '1989-04-30', 'laura.garcia@example.com', 'password123', 'lauragarcia', 7, 7),
('555-8765', '1993-11-09', 'robert.martinez@example.com', 'password123', 'robertmartinez', 8, 8),
('555-2345', '1995-03-14', 'anna.hernandez@example.com', 'password123', 'annahernandez', 9, 9),
('555-5432', '1986-01-23', 'james.young@example.com', 'password123', 'jamesyoung', 10, 10),
('555-6780', '1994-09-17', 'olivia.lee@example.com', 'password123', 'olivialee', 11, 11),
('555-0987', '1983-10-11', 'william.walker@example.com', 'password123', 'williamwalker', 12, 12),
('555-5431', '1992-04-01', 'sophia.allen@example.com', 'password123', 'sophiaallen', 13, 13),
('555-2109', '1989-07-29', 'daniel.king@example.com', 'password123', 'danielking', 14, 14),
('555-7890', '1996-06-05', 'mia.wright@example.com', 'password123', 'miawright', 15, 15),
('555-6782', '1987-12-13', 'matthew.scott@example.com', 'password123', 'matthewscott', 16, 16),
('555-3459', '1991-11-22', 'isabella.adams@example.com', 'password123', 'isabellaadams', 17, 17),
('555-0986', '1985-05-14', 'alexander.baker@example.com', 'password123', 'alexanderbaker', 18, 18),
('555-6783', '1993-01-09', 'charlotte.nelson@example.com', 'password123', 'charlottenelson', 19, 19),
('555-2346', '1992-09-25', 'ethan.hill@example.com', 'password123', 'ethanhill', 20, 20);

-- Insert values into Messages table
INSERT INTO Messages (Content, Subject) VALUES
('Meeting scheduled for next Monday.', 'Meeting'),
('Invoice for recent purchase.', 'Invoice'),
('Project update needed.', 'Project'),
('Monthly report attached.', 'Report'),
('Reminder for upcoming event.', 'Reminder'),
('Confirmation of your reservation.', 'Reservation'),
('Application status update.', 'Application'),
('Feedback requested on recent service.', 'Feedback'),
('Upcoming maintenance notification.', 'Maintenance'),
('New policy updates.', 'Policy'),
('Important security alert.', 'Security'),
('Invitation to annual conference.', 'Conference'),
('Product shipment details.', 'Shipment'),
('Newsletter for this month.', 'Newsletter'),
('Change in account settings.', 'Account'),
('Your request has been processed.', 'Request'),
('Survey for recent experience.', 'Survey'),
('Reminder for overdue payment.', 'Payment'),
('Subscription renewal notice.', 'Subscription'),
('Thank you for your purchase.', 'Thank You');

-- Insert values into Follower table
INSERT INTO Follower (FollowerUserID, UserID) VALUES
(1, 2),
(2, 3),
(3, 4),
(4, 5),
(5, 6),
(6, 7),
(7, 8),
(8, 9),
(9, 10),
(10, 11),
(11, 12),
(12, 13),
(13, 14),
(14, 15),
(15, 16),
(16, 17),
(17, 18),
(18, 19),
(19, 20),
(20, 1),
(1, 3);

-- Insert values into Polls table
INSERT INTO Polls (Poll_Question) VALUES
('What is your favorite color?'),
('Which programming language do you prefer?'),
('What is your favorite season?'),
('Which city do you prefer to live in?'),
('What is your preferred mode of transportation?'),
('Which type of cuisine do you like the most?'),
('What is your favorite holiday destination?'),
('What is your favorite sport?'),
('Which type of music do you enjoy?'),
('What is your preferred time of day?'),
('What is your favorite book genre?'),
('Which social media platform do you use the most?'),
('What is your favorite type of movie?'),
('Which type of workout do you prefer?'),
('What is your preferred method of communication?'),
('Which app do you use the most?'),
('What is your favorite pet?'),
('What is your preferred method of relaxation?'),
('What is your favorite beverage?'),
('Which historical figure do you admire?');

-- Insert values into Poll_Options table
INSERT INTO Poll_Options (Poll_ID, Option_Text, Vote_Count) VALUES
(1, 'Red', 10),
(1, 'Blue', 15),
(1, 'Green', 8),
(1, 'Yellow', 5),
(2, 'Python', 20),
(2, 'JavaScript', 25),
(2, 'Java', 12),
(2, 'C++', 18),
(3, 'Spring', 12),
(3, 'Summer', 25),
(3, 'Autumn', 10),
(3, 'Winter', 15),
(4, 'New York', 20),
(4, 'Los Angeles', 22),
(4, 'Chicago', 15),
(4, 'Houston', 18),
(5, 'Car', 30),
(5, 'Bike', 15),
(5, 'Public Transport', 20),
(5, 'Walking', 10),
(6, 'Italian', 25),
(6, 'Chinese', 20),
(6, 'Mexican', 15),
(6, 'Indian', 10),
(7, 'Paris', 15),
(7, 'New York', 20),
(7, 'Tokyo', 12),
(7, 'London', 18),
(8, 'Soccer', 25),
(8, 'Basketball', 15),
(8, 'Tennis', 10),
(8, 'Cricket', 12),
(9, 'Rock', 18),
(9, 'Pop', 22),
(9, 'Jazz', 10),
(9, 'Classical', 8),
(10, 'Morning', 12),
(10, 'Afternoon', 18),
(10, 'Evening', 25),
(10, 'Night', 15),
(11, 'Fiction', 20),
(11, 'Non-Fiction', 15),
(11, 'Science Fiction', 12),
(11, 'Fantasy', 18),
(12, 'Facebook', 30),
(12, 'Twitter', 20),
(12, 'Instagram', 15),
(12, 'LinkedIn', 10),
(13, 'Action', 25),
(13, 'Comedy', 15),
(13, 'Drama', 10),
(13, 'Horror', 12),
(14, 'Yoga', 18),
(14, 'Running', 22),
(14, 'Weightlifting', 15),
(14, 'Swimming', 10),
(15, 'Email', 25),
(15, 'Phone', 15),
(15, 'Text', 10),
(15, 'Social Media', 12),
(16, 'WhatsApp', 20),
(16, 'Telegram', 15),
(16, 'Signal', 10),
(16, 'Facebook Messenger', 18),
(17, 'Dog', 25),
(17, 'Cat', 15),
(17, 'Bird', 10),
(17, 'Fish', 12),
(18, 'Reading', 22),
(18, 'Watching TV', 15),
(18, 'Meditating', 10),
(18, 'Exercising', 12),
(19, 'Coffee', 30),
(19, 'Tea', 20),
(19, 'Juice', 15),
(19, 'Water', 10),
(20, 'Abraham Lincoln', 18),
(20, 'Albert Einstein', 25),
(20, 'Martin Luther King Jr.', 12),
(20, 'Marie Curie', 15);

-- Insert values into Comment table
INSERT INTO Comment (Comment_Content, Post_ID) VALUES
('Great post!', 1),
('Interesting perspective.', 1),
('I completely agree.', 2),
('Very insightful.', 2),
('Thanks for sharing!', 3),
('I found this very useful.', 3),
('Well-written article.', 4),
('This is very helpful.', 4),
('I have a question about this.', 5),
('Could you provide more details?', 5),
('I appreciate the information.', 6),
('This cleared up a lot for me.', 6),
('Excellent read.', 7),
('I will share this with others.', 7),
('Can you add more examples?', 8),
('I would love to see more on this topic.', 8),
('This is exactly what I needed.', 9),
('Great explanation!', 9),
('I learned a lot from this.', 10),
('Very informative.', 10);

-- Insert values into Topic table
-- Insert values into Topic table with explicit Topic_ID
INSERT INTO Topic (Topic_ID, Topic_Name) VALUES
(1, 'Technology'),
(2, 'Health'),
(3, 'Finance'),
(4, 'Education'),
(5, 'Travel'),
(6, 'Food'),
(7, 'Lifestyle'),
(8, 'Entertainment'),
(9, 'Sports'),
(10, 'Science'),
(11, 'Business'),
(12, 'Culture'),
(13, 'Politics'),
(14, 'History'),
(15, 'Art'),
(16, 'Music'),
(17, 'Environment'),
(18, 'Gaming'),
(19, 'Literature'),
(20, 'Philosophy');

-- Insert values into Blog_Post table
-- Insert values into Blog_Post table
-- Insert values into Blog_Post table
INSERT INTO Blog_Post (Post_ID, Date_Created, Number_Of_Comments, Number_Of_Likes) VALUES
(1, '2024-08-20 10:00:00', 5, 12),
(2, '2024-08-21 11:30:00', 3, 8),
(3, '2024-08-22 09:15:00', 8, 20),
(4, '2024-08-23 14:45:00', 2, 5),
(5, '2024-08-24 16:30:00', 6, 15),
(6, '2024-08-25 08:00:00', 4, 10),
(7, '2024-08-26 13:20:00', 7, 18),
(8, '2024-08-27 15:10:00', 1, 3),
(9, '2024-08-28 10:25:00', 9, 25),
(10, '2024-08-29 12:00:00', 3, 7),
(11, '2024-08-30 09:45:00', 5, 13),
(12, '2024-08-31 11:30:00', 2, 6),
(13, '2024-09-01 14:00:00', 8, 22),
(14, '2024-09-02 16:20:00', 4, 12),
(15, '2024-09-03 08:30:00', 10, 30),
(16, '2024-09-04 10:00:00', 7, 17),
(17, '2024-09-05 12:30:00', 3, 8),
(18, '2024-09-06 15:00:00', 6, 14),
(19, '2024-09-07 09:15:00', 4, 11),
(20, '2024-09-08 11:45:00', 5, 16);



-- Insert values into Pages table
-- Insert values into Pages table
INSERT INTO Pages (Page_ID, Content, Date_Modified, Post_ID) VALUES
(1, 'Introduction to the first blog post. Detailed overview and analysis.', '2024-08-20 10:00:00', 1),
(2, 'Second blog post content with extensive details and examples.', '2024-08-21 11:30:00', 2),
(3, 'Page related to third blog post, including background and data.', '2024-08-22 09:15:00', 3),
(4, 'Detailed explanation and discussion for the fourth blog post.', '2024-08-23 14:45:00', 4),
(5, 'Comprehensive content for the fifth blog post, including graphs and data.', '2024-08-24 16:30:00', 5),
(6, 'In-depth information for the sixth blog post, with case studies.', '2024-08-25 08:00:00', 6),
(7, 'Content and analysis for the seventh blog post, focusing on key points.', '2024-08-26 13:20:00', 7),
(8, 'Extensive content for the eighth blog post with additional references.', '2024-08-27 15:10:00', 8),
(9, 'Ninth blog post content covering various aspects and insights.', '2024-08-28 10:25:00', 9),
(10, 'Detailed information and comments for the tenth blog post.', '2024-08-29 12:00:00', 10),
(11, 'Eleventh blog post page with supporting information and analysis.', '2024-08-30 09:45:00', 11),
(12, 'Content related to the twelfth blog post, with various perspectives.', '2024-08-31 11:30:00', 12),
(13, 'Thirteenth blog post page including relevant data and research.', '2024-09-01 14:00:00', 13),
(14, 'Content for the fourteenth blog post with detailed explanations.', '2024-09-02 16:20:00', 14),
(15, 'Detailed page content for the fifteenth blog post with visuals.', '2024-09-03 08:30:00', 15),
(16, 'Sixteenth blog post content with in-depth analysis and examples.', '2024-09-04 10:00:00', 16),
(17, 'Page related to the seventeenth blog post, focusing on key insights.', '2024-09-05 12:30:00', 17),
(18, 'Eighteenth blog post content with comprehensive details and discussions.', '2024-09-06 15:00:00', 18),
(19, 'Nineteenth blog post page with in-depth information and reviews.', '2024-09-07 09:15:00', 19),
(20, 'Content for the twentieth blog post with final thoughts and summaries.', '2024-09-08 11:45:00', 20);
